timestamp,phase,proxy_rss_kb,api_rss_kb,web_rss_kb,sum_rss_kb,container_mem_usage_bytes
1787858297,cold_start,0,0,0,0,0
1787858302,cold_start,0,0,0,0,0
1787858306,cold_start,0,0,0,0,0
1787858311,cold_start,46176,99332,102596,248104,193839104
1787858323,cold_start,64344,132228,100832,297404,140173312
1787858333,cold_start,64352,132228,100832,297412,140042240
1787858342,idle,64352,132228,100832,297412,140451840
1787858352,idle,64352,132228,100832,297412,140083200
1787858360,idle,64352,132228,100832,297412,147275776
1787858370,teacher_login_dashboard,64604,138328,103276,306208,149655552
1787858378,teacher_login_dashboard,64604,138336,103276,306216,166559744
1787858387,learner_login_dashboard,64772,139656,103616,308044,150159360
1787858396,learner_login_dashboard,64772,139660,105544,309976,155017216
1787858406,mastery_report_pages,65008,140280,107840,313128,155090944
1787858414,mastery_report_pages,65008,140324,107840,313172,154984448
1787858423,swagger,65064,139136,107840,312040,153915392
1787858432,concurrent_requests,65304,140712,108872,314888,157671424
1787858443,concurrent_requests,65932,140712,108872,315516,157917184
1787858450,concurrent_requests,65932,140712,108872,315516,157286400
1787858458,post_load_idle,65932,140712,108872,315516,157765632
1787858465,post_load_idle,65932,140712,108872,315516,157466624
1787858472,post_load_idle,65932,140712,108872,315516,157745152
1787858479,post_load_idle,65932,140712,108872,315516,160301056
1787858486,post_load_idle,65932,140712,108872,315516,157433856
1787858495,post_load_idle,65932,140712,108872,315516,157601792
1787858505,post_load_idle,65932,140712,108872,315516,157511680
1787858514,post_load_idle,65932,140712,108872,315516,157401088
1787858525,post_load_idle,65932,140712,108872,315516,155070464
1787858535,post_load_idle,65932,138196,108872,313000,154886144
